sum_hhe,dnl,dnc,dh,bc,dlcp,diic,diicintra,diicflux,diicconnector,df,dawf,dpc,dpcintra,dpcflux,dpcconnector,dbc_pc,dbc_iic,pop,hh_number,hh_100,pop_15,pop_65,elderly,pop_den,lowincome,res_person,commercial,residential,greenery,industrial,enthropy,avg_price,avg_buildyear,building_32,x,y,cooling_degree,newtown,gu,gu_name,decline_level,decline_group1,decline_group2,dong_name
2960.3,0.873,-0.109,0.979,0.006,0.823,0.792,0.126,0.621,0.045,0.873,0.873,0.9,0.072,0.729,0.099,0.927,0.315,28304,11965,42.3,4373,3186,72.9,10886,1628,26,19.9,36.7,43.4,0,0.76,52474.2,30.0 ,30,126.671,37.5288,129.18,0,1,서구,10,1,1,가정1동
2739.3,4.255,-1.064,5.606,0.019,3.323,2.685,1.69,0.875,0.12,4.255,4.255,3.021,1.463,1.329,0.229,0.667,0.225,6637,3032,45.7,487,795,163.2,5145,226,25.4,16.1,26.9,57.1,0,0.7,13070.2,31.5 ,31.5,126.681,37.5287,129.18,0,1,서구,10,1,1,가정2동
2813.9,1.923,-0.962,2.162,0.015,1.741,1.631,0.381,1.162,0.089,1.923,1.923,2.115,0.222,1.479,0.415,1.561,0.311,9804,4360,44.5,773,1261,163.1,16903,489,25.2,0.1,64.2,35.7,0,0.47,16149,29.1 ,29.1,126.682,37.5181,155.01,0,1,서구,10,1,1,가정3동
4990.7,0.316,-0.316,0.389,0.009,0.311,0.345,0.025,0.265,0.055,0.316,0.316,0.478,0.014,0.288,0.176,0.814,0.399,12251,5953,48.6,1024,1922,187.7,2823,932,20.9,0,6.1,7.7,86.1,0.36,12195.5,33.8 ,33.8,126.662,37.4916,155.01,0,1,서구,90,2,3,가좌1동
521.8,1.98,-2.97,2.476,0.024,2.125,1.91,0.249,1.482,0.179,1.98,1.98,2.413,0.125,1.73,0.558,2.746,0.707,20441,7761,38,2309,2750,119.1,28001,523,27.4,0,63.5,36.5,0,0.47,25035.6,27.3 ,27.3,126.686,37.4947,155.01,0,1,서구,90,2,3,가좌2동
566.8,0.647,-3.56,1.023,0.027,1.47,0.898,0.073,0.501,0.324,0.647,0.647,0.876,0.051,0.545,0.28,1.626,1.123,16555,7744,46.8,1232,3032,246.1,8534,1113,23.5,0,24.1,21.8,54,0.73,13963,33.0 ,33,126.68,37.4879,155.01,0,1,서구,20,1,1,가좌3동
532.7,0.806,-1.613,1.045,0.01,0.684,0.566,0.256,0.294,0.016,0.806,0.806,0.71,0.193,0.421,0.097,0.7,0.121,10865,5002,46,1175,1633,139,5688,504,24.7,0,22.7,48.5,28.7,0.75,32133.5,34.1 ,34.1,126.688,37.486,155.01,0,1,서구,70,2,3,가좌4동
4399.1,0.897,0.224,1.015,0.014,0.85,0.83,0.117,0.662,0.05,0.897,0.897,1.014,0.074,0.749,0.191,1.226,0.342,22637,10809,47.7,2023,4006,198,24341,1361,24.8,4.8,81.8,13.4,0,0.42,21659.9,31.0 ,31,126.702,37.4598,155.11,0,2,남동구,40,1,2,간석1동
6992.6,1.527,-3.817,1.738,0.024,1.302,1.127,0.433,0.66,0.033,1.527,1.527,1.305,0.338,0.852,0.116,1.136,0.33,22266,9297,41.8,2722,3406,125.1,35343,1175,26.9,17.5,82.5,0,0,0.33,38467.7,30.8 ,30.8,126.711,37.4613,155.11,0,2,남동구,100,2,4,간석2동
740.2,0.719,0,0.857,0.017,0.705,0.785,0.055,0.61,0.12,0.719,0.719,1.21,0.024,0.671,0.515,2.324,0.739,28289,13075,46.2,2574,4609,179.1,17249,1769,21.2,9.7,35.1,41.2,14,0.89,25846.4,28.1 ,28.1,126.715,37.4695,155.11,0,2,남동구,20,1,1,간석3동
706.1,0.791,0,0.905,0.018,0.769,0.779,0.076,0.639,0.064,0.791,0.791,1.112,0.046,0.699,0.367,2.31,0.7,29266,13157,45,2921,4386,150.2,27872,1553,22.3,5.2,65.8,14.4,14.9,0.72,23924.6,31.1 ,31.1,126.697,37.4668,155.11,0,2,남동구,70,2,3,간석4동
3371.5,1.242,-1.242,1.456,0.015,1.096,0.963,0.305,0.632,0.026,1.242,1.242,1.179,0.215,0.812,0.151,1.274,0.347,16594,7150,43.1,1415,2449,173.1,15365,1168,22.3,0.2,47.2,20.8,31.8,0.76,22792,28.6 ,28.6,126.727,37.5186,126.00,0,3,부평구,30,1,1,갈산1동
558.6,4.082,-6.122,5.157,0.019,2.525,2.31,1.775,0.531,0.004,4.082,4.082,2.501,1.596,0.89,0.015,0.061,0.008,19381,8240,42.5,1896,3292,173.6,29365,1600,28.6,0,82.3,17.7,0,0.34,23820.1,27.7 ,27.7,126.727,37.5105,152.41,0,3,부평구,20,1,1,갈산2동
1725.1,0.36,-2.432,0.564,0.01,0.418,0.38,0.061,0.238,0.081,0.36,0.36,0.578,0.032,0.297,0.249,1.105,0.299,33016,14517,44,4374,3614,82.6,4081,1412,29.8,0.5,22.8,43.9,0,0.52,23613.4,16.8 ,16.8,126.652,37.6124,123.71,0,1,서구,90,2,3,검단동
1970,0.218,-0.961,0.335,0.006,0.289,0.229,0.037,0.144,0.047,0.218,0.218,0.3,0.022,0.175,0.104,0.264,0.132,45777,19449,42.5,6843,3910,57.1,2743,1380,25.1,2.5,13.9,76.8,6.7,0.54,32300.7,12.6 ,12.6,126.666,37.566,125.86,0,1,서구,100,2,4,검암경서동
2766.4,1.047,-2.094,1.31,0.021,0.963,0.771,0.319,0.409,0.043,1.047,1.047,0.923,0.27,0.507,0.146,0.997,0.376,19909,9952,50,1392,3173,227.9,14020,1356,22.5,11.2,39.7,49.1,0,0.69,17472.2,30.8 ,30.8,126.718,37.5407,129.18,0,4,계양구,30,1,1,계산1동
1011.3,1.493,-2.239,1.834,0.023,1.412,1.375,0.255,0.983,0.138,1.493,1.493,1.864,0.151,1.191,0.522,2.448,0.67,16115,7740,48,1041,2557,245.6,10009,939,24.3,0,36.7,63.3,0,0.47,17145.5,30.1 ,30.1,126.72,37.5477,126.00,0,4,계양구,10,1,1,계산2동
1348.1,1.709,-0.855,1.885,0.017,1.549,1.384,0.345,1.02,0.019,1.709,1.709,1.768,0.209,1.291,0.268,2.348,0.445,19893,8589,43.2,1660,2166,130.5,39786,732,23.3,2.9,97.1,0,0,0.09,17419,28.4 ,28.4,126.732,37.5396,126.00,0,4,계양구,40,1,2,계산3동
1700.7,1.515,-3.03,1.814,0.012,1.093,0.95,0.572,0.37,0.007,1.515,1.515,1.097,0.463,0.589,0.045,0.444,0.065,23671,9125,38.5,2771,1875,67.7,26301,498,24.2,36.4,58.9,4.6,0,0.59,35507.9,22.1 ,22.1,126.74,37.5384,126.00,0,4,계양구,70,2,3,계산4동
3969.3,0.248,-3.184,0.384,0.004,0.276,0.248,0.029,0.189,0.03,0.248,0.248,0.301,0.016,0.217,0.068,0.323,0.138,21432,8499,39.7,2354,3100,131.7,1253,814,25.7,0,6.7,93.3,0,0.18,26807.5,26.7 ,26.7,126.726,37.5717,198.37,0,4,계양구,100,2,4,계양1동
2029.2,0.678,-2.881,0.892,0.011,0.638,0.609,0.116,0.445,0.048,0.678,0.678,0.719,0.068,0.543,0.108,0.359,0.178,34315,15580,45.4,3043,4914,161.5,8289,1980,21.5,0.3,22.7,77,0,0.4,17397.1,28.6 ,28.6,126.741,37.5487,126.00,0,4,계양구,50,1,2,계양2동
1839.6,0.305,-6.555,0.443,0.004,0.299,0.291,0.036,0.232,0.023,0.305,0.305,0.323,0.022,0.261,0.04,0.218,0.089,26154,10015,38.3,4470,2765,61.9,2666,1442,23,0,11.9,88.1,0,0.26,38786.8,14.4 ,14.4,126.765,37.5694,198.37,0,4,계양구,50,1,2,계양3동
2112,1.905,-2.857,2.335,0.016,1.621,1.34,0.596,0.712,0.032,1.905,1.905,1.68,0.416,1.072,0.192,2.155,0.314,15523,6360,41,1648,2657,161.2,17248,499,33.4,11.8,59.1,29.1,0,0.66,31636,28.6 ,28.6,126.694,37.4427,155.11,0,5,미추홀구,70,2,3,관교동
924.4,0.943,-1.415,1.117,0.014,0.9,0.864,0.139,0.666,0.059,0.943,0.943,1.096,0.073,0.797,0.226,0.745,0.3,31981,13031,40.7,4853,3707,76.4,18924,1273,24.9,7.6,66.3,26.1,0,0.59,37580.6,27.6 ,27.6,126.712,37.4448,155.11,0,2,남동구,40,1,2,구월1동
1827,1.802,-2.703,2.042,0.016,1.457,1.276,0.544,0.714,0.018,1.802,1.802,1.494,0.409,0.983,0.102,0.715,0.156,35836,12558,35,5953,4080,68.5,44242,873,28.4,0.6,95.3,4.1,0,0.15,41360.9,29.4 ,29.4,126.715,37.4564,155.11,0,2,남동구,100,2,4,구월2동
1207.4,2.083,-2.083,2.21,0.024,2.061,2.019,0.133,1.817,0.069,2.083,2.083,2.534,0.08,1.924,0.53,4.456,1.173,3093,1614,52.2,202,990,490.1,10666,332,24.4,15.7,84.3,0,0,0.31,16943.2,33.9 ,33.9,126.64,37.4717,157.79,0,6,동구,40,1,2,금창동
1569.3,0.345,-5.517,0.458,0.005,0.331,0.326,0.04,0.265,0.021,0.345,0.345,0.366,0.02,0.304,0.041,0.349,0.102,21287,9071,42.6,2239,3255,145.4,2181,1216,25.6,0,11.7,37.1,27.9,0.7,25888.2,25.4 ,25.4,126.721,37.4256,155.11,0,2,남동구,90,2,3,남촌도림동
3472.7,0.909,-6.364,1.218,0.014,0.843,0.744,0.206,0.498,0.041,0.909,0.909,0.998,0.124,0.66,0.213,0.805,0.269,32331,13304,41.1,4639,3600,77.6,9107,1668,28.9,5.5,29.9,60.5,3.6,0.68,30696.6,15.6 ,15.6,126.739,37.4095,142.98,0,2,남동구,100,2,4,논현1동
3206.4,0.733,-3.663,1.003,0.01,0.646,0.564,0.213,0.306,0.045,0.733,0.733,0.8,0.136,0.461,0.203,0.854,0.14,32894,14660,44.6,4093,4323,105.6,10090,2772,25.1,6.8,33.1,28.4,31.7,0.92,29766.9,14.3 ,14.3,126.708,37.4076,171.20,0,2,남동구,100,2,4,논현2동
2358.5,0.148,-2.074,0.202,0.005,0.164,0.157,0.019,0.11,0.028,0.148,0.148,0.214,0.01,0.127,0.076,0.462,0.192,42026,15661,37.3,7561,3410,45.1,3881,1698,26.7,2.4,11.4,17.1,67.2,0.65,46522.4,16.4 ,16.4,126.702,37.3944,171.20,0,2,남동구,100,2,4,논현고잔동
2804.9,1.626,-0.813,1.934,0.012,1.474,1.378,0.313,1.001,0.065,1.626,1.626,1.766,0.175,1.276,0.315,1.496,0.339,28339,10871,38.4,4630,2231,48.2,12008,415,26.3,3.8,54.7,41.6,0,0.59,30800.4,12.9 ,12.9,126.679,37.589,125.86,0,1,서구,100,2,4,당하동
1310.2,3.175,0,3.373,0.026,3.016,2.873,0.357,2.461,0.055,3.175,3.175,3.362,0.219,2.737,0.406,3.777,0.758,4043,2069,51.2,255,1091,427.8,21279,709,24.5,11.9,73,15.1,0,0.55,10940,31.2 ,31.2,126.64,37.4672,158.44,0,7,중구,10,1,1,도원동
2592.9,0.893,0,1.015,0.016,0.856,0.83,0.118,0.657,0.055,0.893,0.893,1.076,0.078,0.737,0.261,1.944,0.643,23335,10956,47,2401,4004,166.8,25643,1343,22.3,36,52.8,11.2,0,0.69,18650.6,31.7 ,31.7,126.669,37.4623,155.11,0,5,미추홀구,30,1,1,도화1동
765.7,0.412,-0.823,0.5,0.01,0.387,0.367,0.072,0.267,0.028,0.412,0.412,0.477,0.045,0.321,0.11,0.725,0.245,30289,13296,43.9,3944,4419,112,10373,1210,24.3,2.3,63.6,1.2,33,0.57,16251.9,35.4 ,35.4,126.662,37.4734,157.79,0,5,미추홀구,40,1,2,도화2·3동
2308.1,1.563,-2.344,1.73,0.03,1.338,1.172,0.413,0.736,0.023,1.562,1.562,1.36,0.294,0.974,0.092,1.034,0.264,5928,3435,57.9,313,1635,522.4,13173,996,24.2,55.7,42.2,2,0,0.55,16162.5,40.5 ,40.5,126.629,37.4751,157.79,0,7,중구,20,1,1,동인천동
1911.5,0.671,-0.671,0.996,0.01,0.775,0.685,0.098,0.476,0.111,0.671,0.671,0.856,0.05,0.572,0.234,1.011,0.223,25891,9265,35.8,3620,2480,68.5,7846,203,28.2,5.7,38.2,56.2,0,0.62,30789.4,29.6 ,29.6,126.66,37.4087,171.20,0,8,연수구,70,2,3,동춘1동
1841.3,2.105,-13.684,2.947,0.01,1.227,1.146,0.961,0.183,0.002,2.105,2.105,1.224,0.889,0.326,0.008,0.061,0.002,18668,6935,37.1,2314,2024,87.5,10853,148,26.1,3.8,54.8,41.4,0,0.59,25737.5,27.2 ,27.2,126.671,37.4009,171.20,0,8,연수구,60,2,2,동춘2동
2210.2,2.326,-3.488,2.711,0.016,2.073,1.92,0.459,1.407,0.054,2.326,2.326,2.273,0.271,1.784,0.218,1.115,0.212,18860,5837,30.9,2972,1980,66.6,26943,59,31.6,15.3,77.6,7,0,0.48,33230.2,27.6 ,27.6,126.678,37.4079,171.20,0,8,연수구,100,2,4,동춘3동
2036.4,0.113,-0.546,0.169,0.003,0.107,0.103,0.02,0.074,0.009,0.113,0.113,0.122,0.012,0.089,0.02,0.103,0.038,23194,8357,36,3726,2250,60.4,20526,405,28.9,0,82.9,17.1,0,0.33,27048.5,14.3 ,14.3,126.673,37.5964,123.71,0,1,서구,90,2,3,마전동
1530.5,1.266,-0.316,1.467,0.013,1.201,1.163,0.177,0.912,0.074,1.266,1.266,1.417,0.115,1.035,0.266,1.727,0.605,7151,3275,45.8,767,1438,187.5,6218,522,23.3,0,17.3,6.7,79.9,0.48,15086,30.3 ,30.3,126.621,37.4863,157.79,0,6,동구,50,1,2,만석동
1395.4,1.887,-4.717,2.226,0.024,1.676,1.39,0.565,0.756,0.069,1.887,1.887,1.606,0.416,1.055,0.135,0.641,0.143,17516,8957,51.1,1341,3540,264,23995,2876,22.7,0,86,14,0,0.29,13406,28.6 ,28.6,126.735,37.4506,150.25,0,2,남동구,10,1,1,만수1동
1709.4,1.481,-1.481,1.699,0.017,1.292,1.186,0.374,0.733,0.079,1.481,1.481,1.424,0.279,0.924,0.221,1.733,0.347,24770,9803,39.6,2941,3604,122.5,19504,1025,23.4,0,73.1,26.9,0,0.42,24988.3,28.0 ,28,126.736,37.4638,150.25,0,2,남동구,80,2,3,만수2동
1618.5,2.857,0,3.391,0.029,2.58,2.362,0.599,1.66,0.104,2.857,2.857,3.246,0.327,2.204,0.715,2.563,0.783,17961,7340,40.9,2105,2562,121.7,19737,1098,22.3,0,27.7,72.3,0,0.43,25190.2,27.1 ,27.1,126.729,37.4668,155.11,0,2,남동구,60,2,2,만수3동
1496.2,5.128,-25.641,6.955,0.023,2.785,2.678,2.451,0.225,0.001,5.128,5.128,2.773,2.361,0.406,0.006,0.043,0.001,21563,9145,42.4,2439,3327,136.4,22461,964,23.9,0,72.3,27.7,0,0.43,19441.5,32.9 ,32.9,126.738,37.4573,150.25,0,2,남동구,10,1,1,만수4동
1067.5,1.333,-0.667,1.444,0.02,1.225,1.092,0.278,0.776,0.037,1.333,1.333,1.352,0.204,0.925,0.223,2.262,0.648,15663,7553,48.2,1065,3152,296,29006,1448,23.5,0,100,0,0,0,19853.2,29.9 ,29.9,126.726,37.4562,150.25,0,2,남동구,20,1,1,만수5동
1724.9,1.389,-4.167,1.76,0.012,1.244,1.079,0.36,0.669,0.05,1.389,1.389,1.262,0.246,0.896,0.12,0.589,0.092,24923,10239,41.1,2615,3863,147.7,14406,1225,26.4,0,45.1,54.9,0,0.5,18446.1,25.0 ,25,126.74,37.4419,150.25,0,2,남동구,50,1,2,만수6동
3180.5,1.923,-1.923,2.303,0.025,1.787,1.691,0.333,1.257,0.1,1.923,1.923,2.057,0.194,1.534,0.328,1.692,0.672,13776,7250,52.6,1265,1836,145.1,7963,1033,25.7,0,36.4,63.6,0,0.47,14631.3,21.4 ,21.4,126.686,37.4365,155.11,0,5,미추홀구,70,2,3,문학동
2925.2,1.361,0.34,1.507,0.02,1.332,1.372,0.1,1.161,0.111,1.361,1.361,1.843,0.064,1.232,0.547,3.724,1.104,16627,7766,46.7,1386,3378,243.7,18271,1378,25.2,0.3,71.8,27.9,0,0.44,22115.9,31.0 ,31,126.736,37.4839,152.41,0,3,부평구,30,1,1,부개1동
1019,1.835,-3.67,2.441,0.037,1.717,1.36,0.531,0.773,0.057,1.835,1.835,1.6,0.415,1.005,0.18,1.47,0.456,17796,7263,40.8,1960,2711,138.3,23728,835,25.6,2.5,95.7,1.7,0,0.15,30778.5,30.9 ,30.9,126.738,37.4931,152.41,0,3,부평구,50,1,2,부개2동
1095.7,1.739,-4.348,2.032,0.014,1.433,1.279,0.48,0.778,0.02,1.739,1.739,1.487,0.333,1.074,0.081,0.62,0.095,32025,12547,39.2,3469,3827,110.3,37238,1051,24.5,0,94.5,5.5,0,0.15,27299.6,29.8 ,29.8,126.738,37.5022,152.41,0,3,부평구,60,2,2,부개3동
4208.8,1.282,-3.846,1.693,0.021,1.07,0.913,0.405,0.472,0.036,1.282,1.282,1.072,0.319,0.645,0.109,0.574,0.139,37397,16681,44.6,3696,5273,142.7,33997,977,22.3,41.6,58.2,0,0.2,0.5,32193.3,27.5 ,27.5,126.72,37.4962,155.01,0,3,부평구,70,2,3,부평1동
1032.8,0.913,-3.196,1.099,0.02,0.551,0.482,0.433,0.046,0.002,0.913,0.913,0.533,0.418,0.078,0.037,0.267,0.065,16277,7755,47.6,1489,2851,191.5,7139,1492,20,0,21.7,78.3,0,0.38,30567,28.6 ,28.6,126.721,37.4793,155.01,0,3,부평구,40,1,2,부평2동
2959,1.299,-1.299,1.53,0.022,1.174,1.034,0.325,0.65,0.059,1.299,1.299,1.454,0.225,0.849,0.38,2.148,0.704,13143,6444,49,1043,2694,258.3,13143,1333,20.4,0,79.2,20.8,0,0.37,25752.2,32.2 ,32.2,126.709,37.4843,155.01,0,3,부평구,20,1,1,부평3동
865.3,0.922,-0.23,1.004,0.018,0.832,0.708,0.225,0.472,0.012,0.922,0.922,0.909,0.159,0.603,0.147,1.26,0.456,36696,17675,48.2,3683,4872,132.3,35285,2120,18.6,59.7,34.6,5.7,0,0.61,27089.9,26.4 ,26.4,126.726,37.5015,152.41,0,3,부평구,60,2,2,부평4동
687.1,1.02,0,1.09,0.03,1.006,0.988,0.068,0.883,0.036,1.02,1.02,1.238,0.058,0.904,0.276,2.482,1.426,33278,15807,47.5,3663,4055,110.7,40094,2070,15.2,71.3,28.7,0,0,0.43,16702.7,27.3 ,27.3,126.73,37.4955,152.41,0,3,부평구,50,1,2,부평5동
1008.9,1.887,-1.887,2.126,0.025,1.722,1.58,0.375,1.137,0.068,1.887,1.887,1.768,0.294,1.299,0.175,1.613,0.395,14668,7018,47.8,1429,2441,170.8,18335,915,21.5,0,88.3,11.7,0,0.26,32959.1,30.4 ,30.4,126.727,37.4855,152.41,0,3,부평구,70,2,3,부평6동
1281.4,0.692,-0.554,0.916,0.02,0.771,0.613,0.166,0.359,0.088,0.692,0.692,1.004,0.109,0.474,0.421,2.441,0.685,2871,1583,55.1,152,855,562.5,1535,403,27.5,10,5.8,25.8,56.3,0.77,10785.7,36.6 ,36.6,126.607,37.4757,157.79,0,7,중구,50,1,2,북성동
1752.1,0.307,-0.396,0.46,0.004,0.332,0.304,0.045,0.216,0.043,0.307,0.307,0.385,0.022,0.262,0.101,0.473,0.124,22826,9061,39.7,3329,2907,87.3,2115,569,28.2,3.9,25,64.2,0,0.55,20376.3,17.9 ,17.9,126.677,37.6179,188.29,0,1,서구,90,2,3,불로대곡동
3003.5,1.653,-0.551,1.985,0.02,1.19,1.026,0.638,0.378,0.011,1.653,1.653,1.209,0.538,0.577,0.094,0.584,0.119,13348,6130,45.9,1076,2618,243.3,6448,1007,24.7,6.4,28.5,65.1,0,0.59,21958.5,36.6 ,36.6,126.696,37.5045,155.01,0,3,부평구,20,1,1,산곡1동
2593.8,1.408,-1.408,1.661,0.017,1.305,1.224,0.241,0.926,0.057,1.408,1.408,1.578,0.131,1.147,0.3,2.001,0.439,31993,11049,34.5,4633,3903,84.2,34775,643,26.7,0.5,99,0.5,0,0.05,32430.9,26.9 ,26.9,126.705,37.5036,155.01,0,3,부평구,90,2,3,산곡2동
260.5,1.681,-5.882,1.994,0.017,1.192,1.047,0.656,0.369,0.022,1.681,1.681,1.292,0.521,0.639,0.132,0.736,0.09,22460,8746,38.9,2144,4420,206.2,15706,940,29.6,0,45.3,54.7,0,0.5,30607.3,32.6 ,32.6,126.705,37.4921,155.01,0,3,부평구,10,1,1,산곡3동
1705.4,0.971,-5.34,1.275,0.013,0.979,0.881,0.142,0.687,0.051,0.971,0.971,1.013,0.085,0.801,0.127,0.912,0.232,34432,14038,40.8,4152,4706,113.3,16165,3661,22.4,0,38.4,57.8,5,0.6,24707.9,26.8 ,26.8,126.747,37.5203,126.00,0,3,부평구,80,2,3,삼산1동
1996.5,1.818,-4.545,2.365,0.021,1.797,1.628,0.259,1.3,0.069,1.818,1.818,1.823,0.147,1.523,0.152,0.812,0.201,29409,10242,34.8,4532,2934,64.7,23340,1240,26,5.5,63.5,31,0,0.59,47623.4,14.5 ,14.5,126.739,37.5125,152.41,0,3,부평구,100,2,4,삼산2동
1969,1.064,-3.191,1.33,0.013,0.978,0.908,0.189,0.685,0.033,1.064,1.064,1.065,0.105,0.854,0.106,0.889,0.212,39909,15754,39.5,8201,3770,46,16629,2721,25.4,4.4,49.4,46.3,0,0.61,38724.4,8.1 ,8.1,126.748,37.4268,150.25,0,2,남동구,100,2,4,서창2동
2520.3,1.005,-1.005,1.129,0.017,0.913,0.836,0.209,0.586,0.04,1.005,1.005,1.01,0.138,0.728,0.144,0.912,0.331,22742,10886,47.9,1954,3541,181.2,2316,1374,23.4,24.2,41.1,15.7,19,0.95,17120.2,31.4 ,31.4,126.668,37.5101,155.01,0,1,서구,80,2,3,석남1동
769.6,0.51,-2.551,0.675,0.021,0.647,0.544,0.065,0.38,0.098,0.51,0.51,0.632,0.053,0.404,0.175,0.886,0.793,13415,6340,47.3,1135,2457,216.5,12195,867,29,0,20.6,2.9,76.4,0.46,27020.6,35.2 ,35.2,126.658,37.503,155.01,0,1,서구,90,2,3,석남2동
410.8,1.869,-3.738,2.259,0.021,1.806,1.666,0.325,1.22,0.122,1.869,1.869,2.061,0.191,1.486,0.383,1.728,0.541,14195,6592,46.4,1110,2215,199.5,5238,1233,22.3,5.2,34.6,60.3,0,0.6,14871.3,30.6 ,30.6,126.681,37.5066,155.01,0,1,서구,60,2,2,석남3동
1606.6,1.887,-7.547,2.421,0.021,1.741,1.616,0.339,1.208,0.068,1.887,1.887,1.795,0.186,1.515,0.094,0.979,0.492,17325,8037,46.4,1382,3007,217.6,7189,1235,30.1,0,28.2,71.8,0,0.43,23649.1,25.0 ,25,126.698,37.4296,171.20,0,8,연수구,50,1,2,선학동
3533.3,0.351,-2.807,0.482,0.004,0.34,0.324,0.061,0.228,0.034,0.351,0.351,0.404,0.033,0.286,0.085,0.515,0.077,37487,14015,37.4,5894,3041,51.6,3865,53,30.9,8.6,51.3,31.1,9,0.82,56096.3,14.6 ,14.6,126.647,37.3824,174.90,1,8,연수구,110,3,4,송도1동
4135.5,0.532,-0.621,0.644,0.007,0.502,0.48,0.072,0.388,0.02,0.532,0.532,0.602,0.036,0.461,0.105,0.843,0.17,36653,11708,31.9,8344,1881,22.5,9906,29,34.5,19.7,39,41.3,0,0.76,68879,10.7 ,10.7,126.64,37.4008,174.90,1,8,연수구,110,3,4,송도2동
3505.1,0.146,-0.114,0.194,0.002,0.141,0.146,0.017,0.112,0.018,0.146,0.146,0.175,0.008,0.131,0.037,0.313,0.087,48748,18372,37.7,10377,2406,23.2,4556,72,26.6,3.7,26.5,31.9,10.6,0.78,61580.9,11.0 ,11,126.652,37.3633,174.90,1,8,연수구,110,3,4,송도3동
3600.2,0.227,-0.232,0.363,0.006,0.28,0.223,0.056,0.115,0.052,0.227,0.227,0.277,0.045,0.137,0.095,0.393,0.226,24820,9107,36.7,5478,1209,22.1,4761,101,28.4,17.6,25.6,37.7,2.4,0.8,69450.2,8.0 ,8,126.621,37.404,174.90,1,8,연수구,110,3,4,송도4동
8057.4,5.405,-1.351,5.612,0.033,4.337,3.78,1.655,2.095,0.03,5.405,5.405,4.427,1.3,2.805,0.322,2.46,0.254,1686,749,44.4,153,460,300.7,8874,93,26.7,36.2,54.2,9.5,0,0.67,14678,35.9 ,35.9,126.639,37.4752,174.90,0,6,동구,10,1,1,송림1동
1095.4,3.333,0,3.507,0.034,3.261,3.212,0.221,2.892,0.099,3.333,3.333,3.672,0.165,3.003,0.504,5.187,1.939,3005,1647,54.8,168,1017,605.4,15025,387,25.2,50,50,0,0,0.5,16900,37.9 ,37.9,126.643,37.4768,157.79,0,6,동구,10,1,1,송림2동
1112.7,1.681,-0.84,1.847,0.017,1.362,1.16,0.536,0.609,0.015,1.681,1.681,1.377,0.413,0.855,0.109,1.375,0.217,8008,3633,45.4,803,1779,221.5,14560,373,24.8,9.9,90.1,0,0,0.23,22813.8,37.0 ,37,126.648,37.4729,157.79,0,6,동구,60,2,2,송림3·5동
236.5,1.325,-3.974,1.553,0.027,1.214,1.009,0.345,0.635,0.029,1.325,1.325,1.392,0.23,0.865,0.298,1.847,0.612,4301,1786,41.5,555,676,121.8,5444,187,25.9,3.8,22,16.9,57.3,0.78,23699.5,35.1 ,35.1,126.659,37.4815,157.79,0,6,동구,90,2,3,송림4동
1618,1.418,-0.709,1.554,0.021,1.347,1.271,0.189,1.04,0.042,1.418,1.418,1.564,0.126,1.167,0.271,2.177,0.654,6761,2939,43.5,875,1386,158.4,12073,237,25.3,10.3,35.1,0,54.5,0.67,22610.8,39.2 ,39.2,126.648,37.4817,157.79,0,6,동구,90,2,3,송림6동
1398.5,3.226,-1.613,3.374,0.023,3.015,2.8,0.457,2.313,0.031,3.226,3.226,3.365,0.28,2.667,0.418,3.095,0.701,4535,2209,48.7,341,1133,332.3,28344,637,24.4,0,100,0,0,0,15139.3,31.0 ,31,126.622,37.4793,157.79,0,7,중구,50,1,2,송월동
498.2,1.818,0,1.959,0.018,1.663,1.531,0.323,1.172,0.036,1.818,1.818,1.777,0.222,1.375,0.181,2.596,0.398,10704,4480,41.9,1298,2009,154.8,31482,213,23.6,26.8,64.1,9.1,0,0.62,19629.2,32.3 ,32.3,126.636,37.4781,157.79,0,6,동구,20,1,1,송현1·2동
1348,0.797,0,0.929,0.014,0.76,0.721,0.131,0.534,0.055,0.797,0.797,0.988,0.074,0.648,0.265,1.739,0.562,3749,1953,52.1,243,1022,420.6,1696,299,25,0,6.1,15.6,77.2,0.48,10130.9,37.4 ,37.4,126.641,37.4886,157.79,0,6,동구,60,2,2,송현3동
2765.6,1.105,-3.315,1.218,0.024,1.246,1.161,0.064,0.978,0.119,1.105,1.105,1.345,0.049,1.006,0.29,2.573,1.354,14380,7036,48.9,1406,2429,172.8,18675,661,18.1,59.6,40.4,0,0,0.49,17478.6,33.5 ,33.5,126.646,37.4658,157.79,0,5,미추홀구,40,1,2,숭의1·3동
951.8,1.724,-1.724,1.878,0.025,1.675,1.614,0.209,1.306,0.099,1.724,1.724,1.869,0.149,1.427,0.294,3.372,0.995,14733,6868,46.6,1553,2693,173.4,29466,847,19.3,63.4,36.6,0,0,0.47,14202.8,27.4 ,27.4,126.648,37.4609,158.44,0,5,미추홀구,80,2,3,숭의2동
1008.3,0.862,0,0.922,0.013,0.844,0.839,0.06,0.742,0.037,0.862,0.862,1.104,0.035,0.792,0.277,2.401,0.665,16582,7833,47.2,1633,3267,200.1,22408,1306,24.1,8.3,77.3,14.4,0,0.49,16375.4,29.8 ,29.8,126.657,37.4623,158.44,0,5,미추홀구,10,1,1,숭의4동
844.9,0.917,-2.294,1.16,0.017,0.99,0.964,0.089,0.739,0.136,0.917,0.917,1.238,0.059,0.799,0.38,2.667,0.888,5283,2799,53,411,1389,338,4226,616,29.3,38.6,6.1,1.8,52.2,0.68,18985.5,36.1 ,36.1,126.624,37.4676,157.79,0,7,중구,30,1,1,신포동
1863,0.291,-0.302,0.425,0.005,0.343,0.301,0.053,0.185,0.063,0.291,0.291,0.408,0.033,0.225,0.15,0.382,0.226,32203,12931,40.2,4238,3839,90.6,22057,1398,27.3,2,9.6,19.8,66.6,0.64,40542,30.5 ,30.5,126.631,37.5136,155.01,0,1,서구,80,2,3,신현원창동
1402.7,0.41,-0.342,0.508,0.017,0.383,0.351,0.092,0.225,0.034,0.41,0.41,0.481,0.068,0.274,0.139,0.646,0.371,13329,6259,47,1387,2632,189.8,5310,1225,27.3,25.5,2.5,5.6,66.1,0.63,20093.5,33.2 ,33.2,126.627,37.445,158.44,0,7,중구,80,2,3,신흥동
1840.8,1.149,-1.149,1.422,0.019,1.002,0.885,0.305,0.539,0.04,1.149,1.149,1.133,0.212,0.726,0.195,1.414,0.312,12867,5851,45.5,1176,2413,205.2,7188,1115,26.1,0,45.1,31.9,23.4,0.77,25029.7,30.4 ,30.4,126.695,37.478,155.01,0,3,부평구,50,1,2,십정1동
1301,0.816,-0.816,0.907,0.018,0.804,0.81,0.068,0.68,0.062,0.816,0.816,1.057,0.048,0.72,0.289,1.996,0.828,23618,11566,49,1957,4247,217,21668,1995,27.1,7.6,81.2,11.2,0,0.44,25855.7,30.8 ,30.8,126.703,37.4732,155.01,0,3,부평구,60,2,2,십정2동
3290.1,1.852,-0.926,2.107,0.015,1.692,1.559,0.326,1.2,0.033,1.852,1.852,1.942,0.186,1.479,0.276,1.354,0.359,20129,10020,49.8,1636,2745,167.8,13243,1010,37.5,0,56.2,43.8,0,0.49,21752.9,25.6 ,25.6,126.68,37.4251,171.20,0,8,연수구,20,1,1,연수1동
1111.4,2.326,-6.977,2.856,0.018,1.463,1.304,1.026,0.274,0.004,2.326,2.326,1.448,0.917,0.492,0.039,0.54,0.078,21524,9804,45.5,2169,2957,136.3,21524,1098,27,8.9,59.6,31.5,0,0.64,23080.9,26.3 ,26.3,126.684,37.4133,171.20,0,8,연수구,30,1,1,연수2동
191.5,2.667,-2.667,3.072,0.017,2.265,2.037,0.641,1.385,0.011,2.667,2.667,2.296,0.41,1.846,0.04,1.617,0.07,16684,7511,45,1551,3000,193.4,16684,1472,25.3,0,70.5,29.5,0,0.44,19568,28.3 ,28.3,126.688,37.4195,171.20,0,8,연수구,30,1,1,연수3동
1350.7,0.306,-0.766,0.416,0.015,0.477,0.394,0.017,0.272,0.105,0.306,0.306,0.521,0.012,0.283,0.227,1.236,0.847,6315,3430,54.3,393,1559,396.7,1657,543,33.1,15.6,0,0.9,80.6,0.36,14987.4,31.8 ,31.8,126.609,37.4511,157.79,0,7,중구,40,1,2,연안동
1464.6,0.374,-2.15,0.487,0.009,0.359,0.353,0.065,0.244,0.044,0.374,0.374,0.456,0.044,0.286,0.126,0.554,0.202,41389,18986,45.9,3988,5496,137.8,4357,2393,23.4,0.7,14.5,84.8,0,0.33,20189.9,21.4 ,21.4,126.683,37.5479,129.18,0,1,서구,70,2,3,연희동
2264.6,1.036,-6.218,1.39,0.018,2.09,1.235,0.223,0.59,0.422,1.036,1.036,1.251,0.19,0.657,0.405,1.024,0.694,24733,9754,39.4,3692,2834,76.8,1571,841,27.8,2.8,5.3,35.8,8.3,0.6,27086.9,19.6 ,19.6,126.622,37.582,123.71,0,1,서구,100,2,4,오류왕길동
6805.9,0.816,-0.306,0.993,0.012,0.766,0.759,0.14,0.536,0.082,0.816,0.816,1.033,0.087,0.642,0.303,1.269,0.311,19766,8267,41.8,2315,2971,128.3,9193,560,26.6,4.9,48.5,46.6,0,0.62,24526.6,30.0 ,30,126.65,37.4202,158.44,0,8,연수구,50,1,2,옥련1동
6678.4,1.01,-0.842,1.255,0.011,0.992,0.932,0.143,0.725,0.065,1.01,1.01,1.193,0.072,0.866,0.255,1.762,0.279,20915,7962,38.1,2633,2726,103.5,10837,341,26,1.5,46,52.1,0.5,0.57,24896.5,27.6 ,27.6,126.646,37.4287,158.44,0,8,연수구,70,2,3,옥련2동
4710.6,0.858,-0.858,0.99,0.023,0.832,0.846,0.097,0.664,0.085,0.858,0.858,1.13,0.062,0.734,0.334,1.511,0.789,17170,10023,58.4,1018,3732,366.6,13208,1061,26.8,2.4,93.5,2.6,1.5,0.23,11880.5,32.5 ,32.5,126.659,37.4522,158.44,0,5,미추홀구,20,1,1,용현1·4동
472.8,1.307,-0.654,1.418,0.018,1.198,1.061,0.276,0.756,0.03,1.307,1.307,1.322,0.189,0.93,0.203,1.724,0.619,17940,8352,46.6,1926,3171,164.6,27600,927,27.7,29.4,70.4,0,0.2,0.45,23723.8,28.6 ,28.6,126.643,37.4566,158.44,0,5,미추홀구,40,1,2,용현2동
1031.5,1.695,-1.695,1.867,0.022,1.647,1.605,0.168,1.359,0.078,1.695,1.695,1.882,0.111,1.473,0.298,2.658,0.835,7546,4179,55.4,450,2077,461.6,16769,584,25.1,17.9,82.1,0,0,0.34,14913.3,37.8 ,37.8,126.653,37.4553,158.44,0,5,미추홀구,10,1,1,용현3동
867.7,0.866,-0.144,1.092,0.009,0.702,0.61,0.271,0.324,0.015,0.866,0.866,0.706,0.206,0.454,0.046,0.186,0.052,48192,19921,41.3,6668,6019,90.3,25498,1275,26,13.7,61.1,10.1,15.3,0.79,28290.2,24.9 ,24.9,126.639,37.449,158.44,0,5,미추홀구,70,2,3,용현5동
842.9,0.512,-0.422,0.878,0.012,0.71,0.517,0.087,0.337,0.093,0.512,0.512,0.705,0.045,0.421,0.239,0.941,0.287,24579,9694,39.4,4339,2188,50.4,3730,688,26.6,6,67,27,0,0.57,25364.5,13.7 ,13.7,126.706,37.5919,125.86,0,1,서구,90,2,3,원당동
1202.1,4.167,-2.083,4.441,0.038,3.43,2.917,1.293,1.581,0.044,4.167,4.167,3.298,1.085,1.997,0.216,1.92,0.78,3374,1865,55.3,209,927,443.5,25954,688,25,29.8,70.2,0,0,0.44,16545.4,32.5 ,32.5,126.635,37.4701,158.44,0,7,중구,20,1,1,율목동
1696.6,1.105,-0.967,1.346,0.013,1,0.878,0.254,0.596,0.027,1.105,1.105,1.082,0.185,0.734,0.162,1.238,0.372,12877,5179,40.2,1597,2007,125.7,2995,476,24,0,9.7,90.3,0,0.23,27087.1,31.7 ,31.7,126.749,37.4751,152.41,0,3,부평구,80,2,3,일신동
3345.4,1.149,0,1.262,0.019,1.122,1.107,0.095,0.96,0.052,1.149,1.149,1.397,0.053,1.043,0.301,2.724,0.932,28553,11221,39.3,3106,3356,108,34821,941,22.2,1.1,84.5,0,14.4,0.34,17574.5,27.2 ,27.2,126.73,37.5295,126.00,0,4,계양구,80,2,3,작전1동
430.3,0.917,-0.917,1.004,0.02,0.891,0.874,0.11,0.698,0.066,0.917,0.917,1.155,0.083,0.751,0.321,2.65,1.063,20280,9192,45.3,1625,3085,189.8,20485,1123,23,0.3,82.3,3.4,13.9,0.41,18676.4,31.5 ,31.5,126.723,37.5307,129.18,0,4,계양구,30,1,1,작전2동
980.8,0.542,-0.407,0.696,0.011,0.514,0.51,0.076,0.391,0.044,0.542,0.542,0.64,0.047,0.449,0.144,0.465,0.239,31300,12469,39.8,3748,3122,83.3,9514,1055,22.3,4,19.5,51.7,24.8,0.82,23051.2,22.6 ,22.6,126.748,37.5304,126.00,0,4,계양구,80,2,3,작전서운동
5741.7,0.518,-2.85,0.72,0.006,0.484,0.461,0.087,0.343,0.03,0.518,0.518,0.537,0.047,0.425,0.066,0.746,0.133,20410,7961,39,2850,2976,104.4,1775,1061,27.8,0,8.1,91.9,0,0.2,29515,16.9 ,16.9,126.761,37.4512,150.25,0,2,남동구,100,2,4,장수서창동
3184.4,1.389,0,1.492,0.027,1.366,1.368,0.096,1.198,0.075,1.389,1.389,1.571,0.083,1.223,0.265,2.653,1.557,20666,11693,56.6,1682,2217,131.8,33879,974,17,91.4,5,3.6,0,0.25,16983.2,24.6 ,24.6,126.681,37.4619,155.11,0,5,미추홀구,50,1,2,주안1동
1271.5,0.858,0,0.912,0.019,0.847,0.846,0.049,0.76,0.037,0.858,0.858,1.104,0.034,0.791,0.279,2.183,1.036,16747,8326,49.7,1417,3694,260.7,17816,1476,26,9,84,7,0,0.4,18312.8,35.2 ,35.2,126.672,37.4555,155.11,0,5,미추홀구,30,1,1,주안2동
1128.8,2.899,-4.348,3.412,0.051,2.886,2.308,0.797,1.304,0.207,2.899,2.899,2.431,0.78,1.338,0.313,1.865,1.645,9003,4461,49.6,803,1906,237.4,19572,736,24.4,0,95.3,4.7,0,0.14,10274.8,33.6 ,33.6,126.671,37.4485,155.11,0,5,미추홀구,30,1,1,주안3동
1193.1,0.909,-0.455,0.969,0.016,0.858,0.789,0.164,0.582,0.043,0.909,0.909,0.961,0.118,0.672,0.17,1.858,0.675,14014,7194,51.3,976,3574,366.2,14598,1119,27.9,10.2,85.3,4.5,0,0.37,8544.4,37.6 ,37.6,126.687,37.4545,155.11,0,5,미추홀구,20,1,1,주안4동
1293.8,0.926,-0.463,1.042,0.023,0.908,0.933,0.073,0.78,0.08,0.926,0.926,1.203,0.043,0.84,0.32,1.742,0.907,17434,8506,48.8,1368,3292,240.6,14775,868,24.2,5.9,51.2,2.8,40.1,0.7,16062.6,31.1 ,31.1,126.681,37.4692,155.11,0,5,미추홀구,40,1,2,주안5동
805.9,1.46,-1.46,1.621,0.02,1.43,1.395,0.137,1.185,0.072,1.46,1.46,1.599,0.081,1.299,0.22,1.837,0.614,22460,10095,44.9,3015,3357,111.3,36226,767,22.5,44,54.4,1.6,0,0.55,31753,27.8 ,27.8,126.691,37.461,155.11,0,5,미추홀구,90,2,3,주안6동
1103.8,2.222,-1.111,2.577,0.031,2.081,1.963,0.395,1.433,0.136,2.222,2.222,2.252,0.311,1.6,0.34,3.091,1.02,12911,6059,46.9,1038,2883,277.7,24829,876,26.1,0,100,0,0,0,16941.4,30.2 ,30.2,126.678,37.4471,155.11,0,5,미추홀구,40,1,2,주안7동
1005.9,1.653,-0.826,1.832,0.025,1.596,1.45,0.283,1.086,0.081,1.653,1.653,1.911,0.171,1.311,0.429,1.596,0.563,21452,9293,43.3,2189,3615,165.1,25538,874,23.8,0,89.1,10.9,0,0.25,16937.4,30.0 ,30,126.685,37.4474,155.11,0,5,미추홀구,80,2,3,주안8동
1931.3,1.081,-0.811,1.381,0.016,1.073,1.006,0.163,0.756,0.087,1.081,1.081,1.159,0.097,0.887,0.175,0.601,0.297,31412,11794,37.5,6140,1663,27.1,13777,258,27.2,5.5,49.6,29.1,15.7,0.84,49425.4,8.0 ,8,126.655,37.5308,129.17,1,1,서구,110,3,4,청라1동
3628,0.694,-2.083,0.825,0.011,0.652,0.606,0.116,0.462,0.027,0.694,0.694,0.77,0.061,0.572,0.137,1.758,0.312,48926,17757,36.3,10458,2892,27.7,9904,695,28.3,4.3,33.1,58.4,4.2,0.68,63811.5,7.2 ,7.2,126.641,37.5335,129.17,1,1,서구,110,3,4,청라2동
1571.9,0.308,-0.949,0.431,0.006,0.306,0.307,0.03,0.248,0.029,0.308,0.308,0.357,0.014,0.28,0.063,0.354,0.183,30437,10423,34.2,6902,1471,21.3,2902,240,31.4,7.4,15.1,59.2,11.6,0.75,58707.7,6.3 ,6.3,126.618,37.5356,129.17,1,1,서구,110,3,4,청라3동
5383.3,0.99,-3.465,1.224,0.025,0.967,0.899,0.173,0.644,0.082,0.99,0.99,1.293,0.104,0.782,0.407,1.876,0.632,6967,3416,49,546,1141,209,3225,512,19.6,0,21.7,52.3,26,0.74,15489,32.4 ,32.4,126.694,37.5178,129.18,0,3,부평구,30,1,1,청천1동
730,0.471,-0.471,0.565,0.011,0.458,0.468,0.042,0.387,0.039,0.471,0.471,0.607,0.023,0.425,0.159,0.876,0.333,35013,14129,40.4,4229,4621,109.3,12595,1310,26.6,0,17.6,0,82.3,0.34,28123.8,29.8 ,29.8,126.713,37.5152,155.01,0,3,부평구,60,2,2,청천2동
1434.3,0.922,-0.461,1.069,0.014,0.859,0.803,0.15,0.623,0.031,0.922,0.922,1.044,0.083,0.755,0.206,1.337,0.323,25283,12536,49.6,2076,4194,202,10579,1216,28.8,3.3,43.9,52.7,0,0.59,20109,30.1 ,30.1,126.666,37.4248,155.11,0,8,연수구,60,2,2,청학동
2094.3,0.482,-0.361,0.61,0.01,0.47,0.478,0.059,0.364,0.055,0.482,0.482,0.715,0.026,0.431,0.259,0.951,0.372,31174,12400,39.8,3790,4712,124.3,6149,832,27.6,2.9,40.8,44.6,11.5,0.78,29129.9,33.9 ,33.9,126.652,37.439,158.44,0,5,미추홀구,80,2,3,학익1동
1134.5,1.613,-2.016,2.056,0.022,1.508,1.209,0.454,0.706,0.05,1.613,1.613,1.431,0.352,0.909,0.17,1.254,0.414,19016,8176,43,2004,3520,175.6,23770,652,26.7,1.5,96.6,1.9,0,0.12,19725.9,30.5 ,30.5,126.67,37.4433,155.11,0,5,미추홀구,60,2,2,학익2동
1711.3,2.128,0.532,2.262,0.021,1.824,1.586,0.573,0.982,0.031,2.128,2.128,1.879,0.464,1.199,0.216,2.108,0.45,6229,2943,47.2,490,1608,328.2,20763,604,24.8,5.4,92.7,0,1.9,0.22,20199,33.6 ,33.6,126.63,37.4806,157.79,0,6,동구,50,1,2,화수1·화평동
2592.3,1.739,-1.739,1.88,0.028,1.659,1.544,0.243,1.252,0.048,1.739,1.739,1.98,0.151,1.436,0.392,3.59,1.087,7855,3758,47.8,653,2068,316.7,12877,608,24.9,0,42.4,1.9,55.7,0.55,11954.7,29.7 ,29.7,126.632,37.4852,157.79,0,6,동구,80,2,3,화수2동
2687.3,0.858,-1.288,1.003,0.011,0.817,0.787,0.115,0.628,0.044,0.858,0.858,1.012,0.056,0.747,0.209,1.391,0.404,25188,10419,41.4,2411,3802,157.7,12110,1095,23.6,0,45.1,54.9,0,0.5,16351.1,29.1 ,29.1,126.708,37.5342,129.18,0,4,계양구,40,1,2,효성1동
687.4,0.806,-0.403,0.95,0.02,0.831,0.747,0.118,0.57,0.059,0.806,0.806,0.94,0.084,0.639,0.217,1.818,0.802,29940,11620,38.8,3249,4032,124.1,10324,984,23.8,0,25.8,60.5,13.8,0.67,21891.8,28.8 ,28.8,126.698,37.5301,129.18,0,4,계양구,70,2,3,효성2동